-- https://docs.spring.io/spring-boot/docs/current/reference/html/boot-features-sql.html
-- https://docs.spring.io/spring-boot/docs/current/reference/html/howto-database-initialization.html
-- IN THIS FILE WE CAN WRITE AN SQL SCRIPT CONTAINING:
-- SCHEMA, TABLE AND DATA MANIPULATION QUERIES
-- TO BE EXECUTED AUTOMATICALLY DURING THE INITIALIZATION OF THE APPLICATION
-- AND AFTER THE CREATION OF SCHEMA AND TABLES BY Hibernate
-- IF spring.jpa.hibernate.ddl-auto IS SET TO create OR create-drop
-- IT IS A Hibernate feature (nothing to do with Spring)




INSERT INTO USER (user_ssn, user_first_name, user_last_name, user_address, user_email, user_phone, user_username, user_password, user_role) VALUES ('556878932' , 'Christos', 'Sideris', '0999 Main St, Athens, Greece', 'xristos94sideris@gmail.com', '2104478970', 'admin', '$2a$10$WW8sQYAhCoVV6NmP9Npn8.waFXXqtSvPxhtPlsCRcivD8ApZekNkS', 'Admin');

INSERT INTO USER (user_ssn, user_first_name, user_last_name, user_address, user_email, user_phone, user_username, user_password, user_role) VALUES ('348972198' , 'John', 'Smith', '1234 Amarousiou St, Athens, Greece', 'john.smith@gmail.com', '2101234567', 'john_smith', '$2a$10$WW8sQYAhCoVV6NmP9Npn8.waFXXqtSvPxhtPlsCRcivD8ApZekNkS', 'Owner');

INSERT INTO USER (user_ssn, user_first_name, user_last_name, user_address, user_email, user_phone, user_username, user_password, user_role) VALUES ('852102345' , 'Jason', 'Micah', '8569 Main St, Athens, Greece', 'micahjason@gmail.com', '2103625876', 'jason_micah', '$2a$10$WW8sQYAhCoVV6NmP9Npn8.waFXXqtSvPxhtPlsCRcivD8ApZekNkS', 'Owner');
INSERT INTO USER (user_ssn, user_first_name, user_last_name, user_address, user_email, user_phone, user_username, user_password, user_role) VALUES ('754126895' , 'George', 'Thelander', '3254 Main St, Agrinion, Greece', 'geothel76@gmail.com', '2641036945', 'george_thelander', '$2a$10$WW8sQYAhCoVV6NmP9Npn8.waFXXqtSvPxhtPlsCRcivD8ApZekNkS', 'Owner');
INSERT INTO USER (user_ssn, user_first_name, user_last_name, user_address, user_email, user_phone, user_username, user_password, user_role) VALUES ('985632564' , 'Thomas', 'Diop', '1025 Main St, Orestiada, Greece', 'diothom@gmail.com', '2104578210', 'thomas_diop', '$2a$10$WW8sQYAhCoVV6NmP9Npn8.waFXXqtSvPxhtPlsCRcivD8ApZekNkS', 'Owner');
INSERT INTO USER (user_ssn, user_first_name, user_last_name, user_address, user_email, user_phone, user_username, user_password, user_role) VALUES ('522014452' , 'Nick', 'Jonathan', '1435 Main St, Athens, Greece', 'nickjohn@gmail.com', '2103652003', 'nick_jonathan', '$2a$10$WW8sQYAhCoVV6NmP9Npn8.waFXXqtSvPxhtPlsCRcivD8ApZekNkS', 'Owner');
INSERT INTO USER (user_ssn, user_first_name, user_last_name, user_address, user_email, user_phone, user_username, user_password, user_role) VALUES ('669852300' , 'Jim', 'Morris', '0025 Main St, Athens, Greece', 'jimmymorris@gmail.com', '2108956752', 'jim_morris', '$2a$10$WW8sQYAhCoVV6NmP9Npn8.waFXXqtSvPxhtPlsCRcivD8ApZekNkS', 'Owner');
INSERT INTO USER (user_ssn, user_first_name, user_last_name, user_address, user_email, user_phone, user_username, user_password, user_role) VALUES ('775412586' , 'Georgia', 'Mellberg', '0135 Liosion St, Athens, Greece', 'geo96mell@gmail.com', '2105642018', 'georgia_mellberg', '$2a$10$WW8sQYAhCoVV6NmP9Npn8.waFXXqtSvPxhtPlsCRcivD8ApZekNkS', 'Owner');
INSERT INTO USER (user_ssn, user_first_name, user_last_name, user_address, user_email, user_phone, user_username, user_password, user_role) VALUES ('658994120' , 'Konstantinos', 'Georgiou', '1860 Main St, Volos, Greece', 'georgekonst@gmail.com', '2109985574', 'konstantinos_georgiou', '$2a$10$WW8sQYAhCoVV6NmP9Npn8.waFXXqtSvPxhtPlsCRcivD8ApZekNkS', 'Owner');
INSERT INTO USER (user_ssn, user_first_name, user_last_name, user_address, user_email, user_phone, user_username, user_password, user_role) VALUES ('201201478' , 'Timothy', 'Howards', '0203 Monastiriou St, Athens, Greece', 'tim86how@gmail.com', '2105623021', 'timothy_howards', '$2a$10$WW8sQYAhCoVV6NmP9Npn8.waFXXqtSvPxhtPlsCRcivD8ApZekNkS', 'Owner');
INSERT INTO USER (user_ssn, user_first_name, user_last_name, user_address, user_email, user_phone, user_username, user_password, user_role) VALUES ('205650240' , 'Maria', 'Carrey', '1245 Main St, Igoumenitsa, Greece', 'carreymary@gmail.com', '2108685849', 'maria_carrey', '$2a$10$WW8sQYAhCoVV6NmP9Npn8.waFXXqtSvPxhtPlsCRcivD8ApZekNkS', 'Owner');
INSERT INTO USER (user_ssn, user_first_name, user_last_name, user_address, user_email, user_phone, user_username, user_password, user_role) VALUES ('124502365' , 'Alex', 'Evangelou', '3012 Lefkados St, Lefkada, Greece', 'alevan65@gmail.com', '2105455689', 'alex_evangelou', '$2a$10$WW8sQYAhCoVV6NmP9Npn8.waFXXqtSvPxhtPlsCRcivD8ApZekNkS', 'Owner');
INSERT INTO USER (user_ssn, user_first_name, user_last_name, user_address, user_email, user_phone, user_username, user_password, user_role) VALUES ('120147558' , 'Ann', 'Robinson', '5648 Akropoleos St, Athens, Greece', 'robiann@gmail.com', '2105412368', 'ann_robinson', '$2a$10$WW8sQYAhCoVV6NmP9Npn8.waFXXqtSvPxhtPlsCRcivD8ApZekNkS', 'Owner');
INSERT INTO USER (user_ssn, user_first_name, user_last_name, user_address, user_email, user_phone, user_username, user_password, user_role) VALUES ('235675025' , 'Dimitrios', 'Papadopoulos', '0258 Moschatou St, Athens, Greece', 'dimipapa@gmail.com', '210154278', 'dimitrios_papadopoulos', '$2a$10$WW8sQYAhCoVV6NmP9Npn8.waFXXqtSvPxhtPlsCRcivD8ApZekNkS', 'Owner');
INSERT INTO USER (user_ssn, user_first_name, user_last_name, user_address, user_email, user_phone, user_username, user_password, user_role) VALUES ('110205654' , 'Jenny', 'Burns', '1010 Aristotelous St, Thessaloniki, Greece', 'jenburn@gmail.com', '2103020158', 'jenny_burns', '$2a$10$WW8sQYAhCoVV6NmP9Npn8.waFXXqtSvPxhtPlsCRcivD8ApZekNkS', 'Owner');
INSERT INTO USER (user_ssn, user_first_name, user_last_name, user_address, user_email, user_phone, user_username, user_password, user_role) VALUES ('858745849' , 'Eliah', 'Thomas', '0125 Main St, Athens, Greece', 'thomasel@gmail.com', '21055488963', 'elliah_thomas', '$2a$10$WW8sQYAhCoVV6NmP9Npn8.waFXXqtSvPxhtPlsCRcivD8ApZekNkS', 'Owner');
INSERT INTO USER (user_ssn, user_first_name, user_last_name, user_address, user_email, user_phone, user_username, user_password, user_role) VALUES ('320156482' , 'Walter', 'White', '0073 Vasilisis Olgas St, Athens, Greece', 'babyblue@gmail.com', '2103020167', 'walter_white', '$2a$10$WW8sQYAhCoVV6NmP9Npn8.waFXXqtSvPxhtPlsCRcivD8ApZekNkS', 'Owner');
INSERT INTO USER (user_ssn, user_first_name, user_last_name, user_address, user_email, user_phone, user_username, user_password, user_role) VALUES ('201454126' , 'Elliot', 'Anderson', '0138 Main St, Patra, Greece', 'hsociety@gmail.com', '2101548726', 'elliot_anderson', '$2a$10$WW8sQYAhCoVV6NmP9Npn8.waFXXqtSvPxhtPlsCRcivD8ApZekNkS', 'Owner');
INSERT INTO USER (user_ssn, user_first_name, user_last_name, user_address, user_email, user_phone, user_username, user_password, user_role) VALUES ('213161518' , 'David', 'Neckham', '1003 Main St, Heraklion, Greece', 'david7neckham@gmail.com', '2103524689', 'david_neckham', '$2a$10$WW8sQYAhCoVV6NmP9Npn8.waFXXqtSvPxhtPlsCRcivD8ApZekNkS', 'Owner');
INSERT INTO USER (user_ssn, user_first_name, user_last_name, user_address, user_email, user_phone, user_username, user_password, user_role) VALUES ('524560021' , 'Christine', 'Williams', '0008 Main St, Larissa, Greece', 'christiewill@gmail.com', '2101052897', 'christine_williams', '$2a$10$WW8sQYAhCoVV6NmP9Npn8.waFXXqtSvPxhtPlsCRcivD8ApZekNkS', 'Owner');
INSERT INTO USER (user_ssn, user_first_name, user_last_name, user_address, user_email, user_phone, user_username, user_password, user_role) VALUES ('201030558' , 'Steve', 'Works', '0025 Main St, Athens, Greece', 'steveworks@gmail.com', '2104578126', 'steve_works', '$2a$10$WW8sQYAhCoVV6NmP9Npn8.waFXXqtSvPxhtPlsCRcivD8ApZekNkS', 'Owner');
INSERT INTO USER (user_ssn, user_first_name, user_last_name, user_address, user_email, user_phone, user_username, user_password, user_role) VALUES ('658951357' , 'Ellon', 'Mask', '0064 Eleftheriou Venizelou St, Chania, Greece', 'teslaforthewin@gmail.com', '2106530218', 'ellon_mask', '$2a$10$WW8sQYAhCoVV6NmP9Npn8.waFXXqtSvPxhtPlsCRcivD8ApZekNkS', 'Owner');




INSERT INTO REPAIR (repair_date, repair_address, repair_cost, repair_description, repair_owner, repair_status, repair_category, repair_type) VALUES ('2021-04-12 12:34:56', '1234 Amarousiou St, Athens, Greece' , 2500, '', '348972198', 'Pending', 'Interior','Electrical');
INSERT INTO REPAIR (repair_date, repair_address, repair_cost, repair_description, repair_owner, repair_status, repair_category, repair_type) VALUES ('2021-04-12 12:34:56', '1234 Amarousiou St, Athens, Greece' , 3200, '', '348972198', 'Pending', 'Interior','Ceramic Flooring');
INSERT INTO REPAIR (repair_date, repair_address, repair_cost, repair_description, repair_owner, repair_status, repair_category, repair_type) VALUES ('2021-04-12 12:34:56', '1234 Amarousiou St, Athens, Greece' , 600, '', '348972198', 'Pending', 'Exterior','Plumbing');
INSERT INTO REPAIR (repair_date, repair_address, repair_cost, repair_description, repair_owner, repair_status, repair_category, repair_type) VALUES ('2020-08-14 12:34:56', '1234 Amarousiou St, Athens, Greece' , 1200, '', '348972198', 'Completed', 'Exterior','Ceiling');
INSERT INTO REPAIR (repair_date, repair_address, repair_cost, repair_description, repair_owner, repair_status, repair_category, repair_type) VALUES ('2020-08-14 12:34:56', '1234 Amarousiou St, Athens, Greece' , 500, '', '348972198', 'Completed', 'Interior','Frames');

INSERT INTO REPAIR (repair_date, repair_address, repair_cost, repair_description, repair_owner, repair_status, repair_category, repair_type) VALUES ('2020-08-14 12:34:56', '8569 Main St, Athens, Greece' , 600, '', '852102345', 'Completed', 'Interior','Plumbing');
INSERT INTO REPAIR (repair_date, repair_address, repair_cost, repair_description, repair_owner, repair_status, repair_category, repair_type) VALUES ('2020-08-14 12:34:56', '8569 Main St, Athens, Greece' , 4500, '', '852102345', 'Completed', 'Exterior','Plumbing');
INSERT INTO REPAIR (repair_date, repair_address, repair_cost, repair_description, repair_owner, repair_status, repair_category, repair_type) VALUES ('2020-08-14 12:34:56', '3254 Main St, Agrinion, Greece' , 1200, '', '754126895', 'In Progress', 'Exterior','Plumbing');
INSERT INTO REPAIR (repair_date, repair_address, repair_cost, repair_description, repair_owner, repair_status, repair_category, repair_type) VALUES ('2020-08-14 12:34:56', '3254 Main St, Agrinion, Greece' , 800, '', '754126895', 'Completed', 'Exterior','Plumbing');
INSERT INTO REPAIR (repair_date, repair_address, repair_cost, repair_description, repair_owner, repair_status, repair_category, repair_type) VALUES ('2020-08-14 12:34:56', '1025 Main St, Orestiada, Greece' , 300, '', '985632564', 'In Progress', 'Interior','Plumbing');
INSERT INTO REPAIR (repair_date, repair_address, repair_cost, repair_description, repair_owner, repair_status, repair_category, repair_type) VALUES ('2020-08-14 12:34:56', '1025 Main St, Orestiada, Greece' , 100, '', '985632564', 'In Progress', 'Exterior','Plumbing');
INSERT INTO REPAIR (repair_date, repair_address, repair_cost, repair_description, repair_owner, repair_status, repair_category, repair_type) VALUES ('2020-08-14 12:34:56', '1435 Main St, Athens, Greece' , 900, '', '522014452', 'Completed', 'Exterior','Plumbing');
INSERT INTO REPAIR (repair_date, repair_address, repair_cost, repair_description, repair_owner, repair_status, repair_category, repair_type) VALUES ('2020-08-14 12:34:56', '1435 Main St, Athens, Greece' , 2000, '', '522014452', 'In Progress', 'Interior','Plumbing');
INSERT INTO REPAIR (repair_date, repair_address, repair_cost, repair_description, repair_owner, repair_status, repair_category, repair_type) VALUES ('2020-08-14 12:34:56', '0025 Main St, Athens, Greece' , 1500, '', '669852300', 'Completed', 'Interior','Plumbing');
INSERT INTO REPAIR (repair_date, repair_address, repair_cost, repair_description, repair_owner, repair_status, repair_category, repair_type) VALUES ('2020-08-14 12:34:56', '0025 Main St, Athens, Greece' , 200, '', '669852300', 'In Progress', 'Exterior','Plumbing');
INSERT INTO REPAIR (repair_date, repair_address, repair_cost, repair_description, repair_owner, repair_status, repair_category, repair_type) VALUES ('2020-08-14 12:34:56', '0135 Liosion St, Athens, Greece' , 900, '', '775412586', 'Completed', 'Interior','Plumbing');
INSERT INTO REPAIR (repair_date, repair_address, repair_cost, repair_description, repair_owner, repair_status, repair_category, repair_type) VALUES ('2020-08-14 12:34:56', '0135 Liosion St, Athens, Greece' , 200, '', '775412586', 'Completed', 'Exterior','Plumbing');
INSERT INTO REPAIR (repair_date, repair_address, repair_cost, repair_description, repair_owner, repair_status, repair_category, repair_type) VALUES ('2020-08-14 12:34:56', '1860 Main St, Volos, Greece' , 3000, '', '658994120', 'Completed', 'Interior','Plumbing');
INSERT INTO REPAIR (repair_date, repair_address, repair_cost, repair_description, repair_owner, repair_status, repair_category, repair_type) VALUES ('2020-08-14 12:34:56', '1860 Main St, Volos, Greece' , 400, '', '658994120', 'Completed', 'Exterior','Plumbing');
INSERT INTO REPAIR (repair_date, repair_address, repair_cost, repair_description, repair_owner, repair_status, repair_category, repair_type) VALUES ('2020-08-14 12:34:56', '0203 Monastiriou St, Athens, Greece' , 2000, '', '201201478', 'Completed', 'Interior','Plumbing');
INSERT INTO REPAIR (repair_date, repair_address, repair_cost, repair_description, repair_owner, repair_status, repair_category, repair_type) VALUES ('2020-08-14 12:34:56', '0203 Monastiriou St, Athens, Greece' , 1200, '', '201201478', 'Completed', 'Interior','Plumbing');
INSERT INTO REPAIR (repair_date, repair_address, repair_cost, repair_description, repair_owner, repair_status, repair_category, repair_type) VALUES ('2020-08-14 12:34:56', '1245 Main St, Igoumenitsa, Greece' , 200, '', '205650240', 'In Progress', 'Exterior','Plumbing');
INSERT INTO REPAIR (repair_date, repair_address, repair_cost, repair_description, repair_owner, repair_status, repair_category, repair_type) VALUES ('2020-08-14 12:34:56', '1245 Main St, Igoumenitsa, Greece' , 600, '', '205650240', 'Completed', 'Interior','Plumbing');
INSERT INTO REPAIR (repair_date, repair_address, repair_cost, repair_description, repair_owner, repair_status, repair_category, repair_type) VALUES ('2020-08-14 12:34:56', '3012 Lefkados St, Lefkada, Greece' , 700, '', '124502365', 'In Progress', 'Interior','Plumbing');
INSERT INTO REPAIR (repair_date, repair_address, repair_cost, repair_description, repair_owner, repair_status, repair_category, repair_type) VALUES ('2020-08-14 12:34:56', '3012 Lefkados St, Lefkada, Greece' , 800, '', '124502365', 'In Progress', 'Exterior','Plumbing');
INSERT INTO REPAIR (repair_date, repair_address, repair_cost, repair_description, repair_owner, repair_status, repair_category, repair_type) VALUES ('2020-08-14 12:34:56', '5648 Akropoleos St, Athens, Greece' , 300, '', '120147558', 'In Progress', 'Interior','Plumbing');
INSERT INTO REPAIR (repair_date, repair_address, repair_cost, repair_description, repair_owner, repair_status, repair_category, repair_type) VALUES ('2020-08-14 12:34:56', '5648 Akropoleos St, Athens, Greece' , 2000, '', '120147558', 'Completed', 'Exterior','Plumbing');
INSERT INTO REPAIR (repair_date, repair_address, repair_cost, repair_description, repair_owner, repair_status, repair_category, repair_type) VALUES ('2020-08-14 12:34:56', '0258 Moschatou St, Athens, Greece' , 500, '', '235675025', 'Completed', 'Interior','Plumbing');
INSERT INTO REPAIR (repair_date, repair_address, repair_cost, repair_description, repair_owner, repair_status, repair_category, repair_type) VALUES ('2020-08-14 12:34:56', '0258 Moschatou St, Athens, Greece' , 2000, '', '235675025', 'Completed', 'Interior','Plumbing');
INSERT INTO REPAIR (repair_date, repair_address, repair_cost, repair_description, repair_owner, repair_status, repair_category, repair_type) VALUES ('2020-08-14 12:34:56', '1010 Aristotelous St, Thessaloniki, Greece' , 400, '', '110205654', 'Completed', 'Exterior','Plumbing');
INSERT INTO REPAIR (repair_date, repair_address, repair_cost, repair_description, repair_owner, repair_status, repair_category, repair_type) VALUES ('2020-08-14 12:34:56', '1010 Aristotelous St, Thessaloniki, Greece' , 600, '', '110205654', 'In Progress', 'Exterior','Plumbing');
INSERT INTO REPAIR (repair_date, repair_address, repair_cost, repair_description, repair_owner, repair_status, repair_category, repair_type) VALUES ('2020-08-14 12:34:56', '0125 Main St, Athens, Greece' , 2000, '', '858745849', 'Completed', 'Exterior','Plumbing');
INSERT INTO REPAIR (repair_date, repair_address, repair_cost, repair_description, repair_owner, repair_status, repair_category, repair_type) VALUES ('2020-08-14 12:34:56', '0125 Main St, Athens, Greece' , 100, '', '858745849', 'Completed', 'Interior','Plumbing');
INSERT INTO REPAIR (repair_date, repair_address, repair_cost, repair_description, repair_owner, repair_status, repair_category, repair_type) VALUES ('2020-08-14 12:34:56', '0073 Vasilisis Olgas St, Athens, Greece' , 500, '', '320156482', 'Completed', 'Exterior','Plumbing');
INSERT INTO REPAIR (repair_date, repair_address, repair_cost, repair_description, repair_owner, repair_status, repair_category, repair_type) VALUES ('2020-08-14 12:34:56', '0073 Vasilisis Olgas St, Athens, Greece' , 1400, '', '320156482', 'In Progress', 'Interior','Plumbing');
INSERT INTO REPAIR (repair_date, repair_address, repair_cost, repair_description, repair_owner, repair_status, repair_category, repair_type) VALUES ('2020-08-14 12:34:56', '0138 Main St, Patra, Greece' , 2100, '', '201454126', 'Completed', 'Exterior','Plumbing');
INSERT INTO REPAIR (repair_date, repair_address, repair_cost, repair_description, repair_owner, repair_status, repair_category, repair_type) VALUES ('2020-08-14 12:34:56', '0138 Main St, Patra, Greece' , 800, '', '201454126', 'Completed', 'Exterior','Plumbing');
INSERT INTO REPAIR (repair_date, repair_address, repair_cost, repair_description, repair_owner, repair_status, repair_category, repair_type) VALUES ('2020-08-14 12:34:56', '1003 Main St, Heraklion, Greece' , 2000, '', '213161518', 'Completed', 'Interior','Plumbing');
INSERT INTO REPAIR (repair_date, repair_address, repair_cost, repair_description, repair_owner, repair_status, repair_category, repair_type) VALUES ('2020-08-14 12:34:56', '1003 Main St, Heraklion, Greece' , 1600, '', '213161518', 'Completed', 'Exterior','Plumbing');
INSERT INTO REPAIR (repair_date, repair_address, repair_cost, repair_description, repair_owner, repair_status, repair_category, repair_type) VALUES ('2020-08-14 12:34:56', '0008 Main St, Larissa, Greece' , 1700, '', '524560021', 'In Progress', 'Interior','Plumbing');
INSERT INTO REPAIR (repair_date, repair_address, repair_cost, repair_description, repair_owner, repair_status, repair_category, repair_type) VALUES ('2020-08-14 12:34:56', '0008 Main St, Larissa, Greece' , 300, '', '524560021', 'Completed', 'Exterior','Plumbing');
INSERT INTO REPAIR (repair_date, repair_address, repair_cost, repair_description, repair_owner, repair_status, repair_category, repair_type) VALUES ('2020-08-14 12:34:56', '0025 Main St, Athens, Greece' , 2000, '', '201030558', 'Completed', 'Exterior','Plumbing');
INSERT INTO REPAIR (repair_date, repair_address, repair_cost, repair_description, repair_owner, repair_status, repair_category, repair_type) VALUES ('2020-08-14 12:34:56', '0025 Main St, Athens, Greece' , 1200, '', '201030558', 'In Progress', 'Interior','Plumbing');
INSERT INTO REPAIR (repair_date, repair_address, repair_cost, repair_description, repair_owner, repair_status, repair_category, repair_type) VALUES ('2020-08-14 12:34:56', '0064 Eleftheriou Venizelou St, Chania, Greece' , 800, '', '658951357', 'Completed', 'Exterior','Plumbing');
INSERT INTO REPAIR (repair_date, repair_address, repair_cost, repair_description, repair_owner, repair_status, repair_category, repair_type) VALUES ('2020-08-14 12:34:56', '0064 Eleftheriou Venizelou St, Chania, Greece' , 500, '', '658951357', 'Completed', 'Interior','Plumbing');




INSERT INTO PROPERTY (property_pin, property_address, property_year, property_type, property_owner) VALUES ('46524656245465212032', '1234 Main St, Athens, Greece', 2020, 'Maisonette', '348972198');

INSERT INTO PROPERTY (property_pin, property_address, property_year, property_type, property_owner) VALUES ('45618237549664581202', '8569 Main St, Athens, Greece', 2012, 'Maisonette', '852102345');
INSERT INTO PROPERTY (property_pin, property_address, property_year, property_type, property_owner) VALUES ('45482015668559201347', '3254 Main St, Agrinion, Greece', 2005, 'Apartment building', '754126895');
INSERT INTO PROPERTY (property_pin, property_address, property_year, property_type, property_owner) VALUES ('21075844852210256930', '1025 Main St, Orestiada, Greece', 2020, 'Maisonette', '985632564');
INSERT INTO PROPERTY (property_pin, property_address, property_year, property_type, property_owner) VALUES ('04203246156564064020', '1435 Main St, Athens, Greece', 1995, 'Detached house', '522014452');
INSERT INTO PROPERTY (property_pin, property_address, property_year, property_type, property_owner) VALUES ('51789516124304320334', '0025 Main St, Athens, Greece', 1998, 'Apartment building', '669852300');
INSERT INTO PROPERTY (property_pin, property_address, property_year, property_type, property_owner) VALUES ('21465216465241204033', '0135 Liosion St, Athens, Greece', 2018, 'Detached house', '775412586');
INSERT INTO PROPERTY (property_pin, property_address, property_year, property_type, property_owner) VALUES ('95419571274213713721', '1860 Main St, Volos, Greece', 2012, 'Detached house', '658994120');
INSERT INTO PROPERTY (property_pin, property_address, property_year, property_type, property_owner) VALUES ('21620134010410323334', '0203 Monastiriou St, Athens, Greece', 2019, 'Maisonette', '201201478');
INSERT INTO PROPERTY (property_pin, property_address, property_year, property_type, property_owner) VALUES ('54579479472171001042', '1245 Main St, Igoumenitsa, Greece', 1994, 'Detached house', '205650240');
INSERT INTO PROPERTY (property_pin, property_address, property_year, property_type, property_owner) VALUES ('56512431279761276217', '3012 Lefkados St, Lefkada, Greece', 2009, 'Apartment building', '124502365');
INSERT INTO PROPERTY (property_pin, property_address, property_year, property_type, property_owner) VALUES ('74127217423343645636', '5648 Akropoleos St, Athens, Greece', 2009, 'Detached house', '120147558');
INSERT INTO PROPERTY (property_pin, property_address, property_year, property_type, property_owner) VALUES ('54548798973211001012', '0258 Moschatou St, Athens, Greece', 2006, 'Maisonette', '235675025');
INSERT INTO PROPERTY (property_pin, property_address, property_year, property_type, property_owner) VALUES ('64542123464972136645', '1010 Aristotelous St, Thessaloniki, Greece', 2003, 'Maisonette', '110205654');
INSERT INTO PROPERTY (property_pin, property_address, property_year, property_type, property_owner) VALUES ('54546110034645420447', '0125 Main St, Athens, Greece', 2007, 'Detached house', '858745849');
INSERT INTO PROPERTY (property_pin, property_address, property_year, property_type, property_owner) VALUES ('98553434322243434344', '0073 Vasilisis Olgas St, Athens, Greece', 2004, 'Detached house', '320156482');
INSERT INTO PROPERTY (property_pin, property_address, property_year, property_type, property_owner) VALUES ('87855754649131300625', '0138 Main St, Patra, Greece', 1997, 'Maisonette', '201454126');
INSERT INTO PROPERTY (property_pin, property_address, property_year, property_type, property_owner) VALUES ('58446797889685353224', '1003 Main St, Heraklion, Greece', 2006, 'Apartment building', '213161518');
INSERT INTO PROPERTY (property_pin, property_address, property_year, property_type, property_owner) VALUES ('02042402265689845223', '0008 Main St, Larissa, Greece', 2008, 'Detached house', '524560021');
INSERT INTO PROPERTY (property_pin, property_address, property_year, property_type, property_owner) VALUES ('98756565623216323369', '0025 Main St, Athens, Greece', 2008, 'Maisonette', '201030558');
INSERT INTO PROPERTY (property_pin, property_address, property_year, property_type, property_owner) VALUES ('84844783220202652659', '0064 Eleftheriou Venizelou St, Chania, Greece', 2005, 'Maisonette', '658951357');

